"fuelcons","rpm","load","speed","temp"
"243.7041448810929","709.75","39.6078431372549","1.0","65.0"
"117.33903272052623","704.5","40.0","2.0","65.0"
"56.17845020239501","698.25","39.6078431372549","4.0","65.0"
"44.59436667228876","696.0","38.431372549019606","5.0","65.0"
"70.43767920391298","690.0","38.8235294117647","5.0","65.0"
"108.87691853600944","1125.0","56.470588235294116","5.0","65.0"
"90.3078542514999","1188.0","64.70588235294117","7.0","66.0"
"76.08611626468769","1339.75","61.1764705882353","9.0","66.0"
"28.34178808204782","1415.5","36.86274509803921","13.0","66.0"
"28.672386497799728","1072.75","41.568627450980394","11.0","66.0"
"31.766528925619834","897.25","43.92156862745098","9.0","66.0"
"88.54166666666667","836.0","56.86274509803921","6.0","66.0"
"191.44248608534323","1460.25","98.82352941176471","7.0","67.0"
"89.4598766563758","2403.75","100.0","23.0","67.0"
"12.596438368735928","2151.5","38.8235294117647","34.0","69.0"
"13.562272606799509","1126.0","41.568627450980394","35.0","69.0"
"12.682441630725492","1132.25","45.09803921568628","28.0","71.0"
"12.743713556851315","1061.0","43.529411764705884","28.0","71.0"
"11.79544361362543","1022.0","43.529411764705884","27.0","72.0"
"11.306874943238583","949.75","43.92156862745098","26.0","72.0"
"11.63963877032059","935.5","44.31372549019608","26.0","72.0"
"10.399203069657611","901.75","39.6078431372549","25.0","72.0"
"11.315970872718475","834.25","41.568627450980394","23.0","72.0"
"12.363752319109464","957.0","34.90196078431372","22.0","73.0"
"12.813343312531625","976.5","35.294117647058826","20.0","73.0"
"13.89801244551757","958.5","35.68627450980392","19.0","74.0"
"12.871350330765916","934.75","34.90196078431372","18.0","74.0"
"13.300774855396705","887.75","38.431372549019606","17.0","74.0"
"17.226673727342178","876.5","34.11764705882353","17.0","75.0"
"12.431985011036394","1040.75","34.509803921568626","23.0","75.0"
"11.157657277787148","1044.25","33.333333333333336","25.0","75.0"
"10.933195592286504","1060.25","34.11764705882353","27.0","75.0"
"9.457822741521802","1062.75","34.509803921568626","29.0","76.0"
"8.99760063982938","1068.25","34.11764705882353","31.0","76.0"
"8.408787068546427","1065.5","32.94117647058823","34.0","76.0"
"6.65977322559377","1138.25","32.549019607843135","44.0","77.0"
"6.629227104064768","1137.25","31.764705882352942","46.0","77.0"
"6.2060884529431615","1160.5","32.15686274509804","48.0","77.0"
"6.4522193174790585","1151.0","30.980392156862745","48.0","78.0"
"6.402586861190756","1142.5","31.764705882352942","48.0","78.0"
"6.480161521264037","1148.75","31.764705882352942","47.0","78.0"
"6.478591524529629","1118.0","32.15686274509804","47.0","78.0"
"6.131229747042127","1138.25","32.15686274509804","47.0","78.0"
"6.73200581885647","1127.0","31.764705882352942","46.0","78.0"
"10.005376117389106","1294.0","40.3921568627451","45.0","78.0"
"8.106634527089074","1385.75","36.86274509803921","45.0","79.0"
"6.406012818350482","1308.75","30.19607843137255","45.0","79.0"
"9.307007927137798","1210.0","42.745098039215684","45.0","79.0"
"10.214623039298365","1418.75","43.92156862745098","45.0","79.0"
"7.749456531924065","1430.25","36.470588235294116","45.0","79.0"
"11.250023425348102","1306.0","48.627450980392155","45.0","80.0"
"10.068189151334266","1462.0","43.529411764705884","46.0","80.0"
"8.06366047137504","1407.5","42.35294117647059","46.0","80.0"
"8.270420996282093","1119.0","44.31372549019608","46.0","80.0"
"7.719747079572039","1096.5","43.92156862745098","46.0","80.0"
"8.151983758159497","1073.75","45.09803921568628","47.0","80.0"
"8.615917793176706","1078.5","44.31372549019608","47.0","81.0"
"8.151983758159497","1078.5","44.31372549019608","47.0","81.0"
"8.68219408389345","1084.0","45.09803921568628","47.0","81.0"
"8.615917793176706","1077.5","43.92156862745098","47.0","81.0"
"8.13034023174946","1091.5","44.31372549019608","47.0","81.0"
"8.536247772554942","1094.5","45.490196078431374","46.0","82.0"
"9.097463095910303","1099.25","43.13725490196079","46.0","82.0"
"9.239772085621889","1135.25","45.88235294117647","46.0","82.0"
"9.326394948924595","1152.0","45.490196078431374","46.0","82.0"
"9.928343642523485","1151.0","45.490196078431374","46.0","82.0"
"10.106222240962502","1161.75","49.01960784313726","45.0","82.0"
"11.869038248908383","1210.0","50.98039215686274","45.0","82.0"
"12.842947096193848","1257.5","54.11764705882353","45.0","83.0"
"13.310634171023786","1304.75","56.86274509803921","45.0","83.0"
"14.328114165776507","1332.5","56.86274509803921","45.0","83.0"
"13.556600326080849","1335.5","58.431372549019606","45.0","83.0"
"14.183462641254849","1336.75","56.470588235294116","45.0","83.0"
"12.651120230700975","1325.5","56.86274509803921","46.0","83.0"
"13.930820261989096","1318.5","55.68627450980392","45.0","83.0"
"13.463718820861681","1336.75","58.03921568627451","45.0","83.0"
"14.421405614587437","1339.75","58.03921568627451","45.0","83.0"
"14.648514364423457","1331.25","58.03921568627451","45.0","84.0"
"15.318303629991945","1396.5","63.529411764705884","45.0","84.0"
"16.64136729071794","1430.25","62.745098039215684","45.0","84.0"
"9.39795684113866","1290.0","43.529411764705884","45.0","84.0"
"8.967223252937536","1082.25","43.92156862745098","45.0","84.0"
"8.00701823429096","1062.75","41.1764705882353","45.0","84.0"
"7.040341963231573","1025.25","36.470588235294116","46.0","84.0"
"6.739659552936702","1019.5","36.470588235294116","47.0","84.0"
"6.739659552936702","1021.25","36.07843137254902","47.0","85.0"
"6.149922520661159","1023.75","36.07843137254902","48.0","85.0"
"6.25451303972002","1022.0","36.07843137254902","48.0","85.0"
"6.024413897790522","1028.75","34.90196078431372","49.0","85.0"
"5.976601089077898","1030.5","34.509803921568626","49.0","85.0"
"5.85706906729634","1020.25","34.509803921568626","50.0","85.0"
"9.36519649181987","1038.0","41.1764705882353","50.0","85.0"
"12.387186279470468","1284.5","55.68627450980392","51.0","86.0"
"11.961706170071336","1390.25","55.294117647058826","51.0","86.0"
"12.39932956653736","1396.5","55.294117647058826","52.0","86.0"
"7.767090863681773","1402.75","53.72549019607843","52.0","86.0"
"8.155399795010185","1213.5","41.568627450980394","52.0","86.0"
"9.310291980746527","1139.25","51.372549019607845","52.0","86.0"
"11.492971314399888","1263.75","53.333333333333336","52.0","86.0"
"11.492971314399888","1355.75","51.76470588235294","52.0","86.0"
"6.91745004566617","1226.5","37.64705882352941","53.0","87.0"
"5.942211197893016","1082.25","33.333333333333336","52.0","87.0"
"5.818856468207119","1086.0","33.72549019607843","52.0","87.0"
"5.942211197893016","1062.0","34.11764705882353","52.0","87.0"
"5.818856468207119","1070.0","34.90196078431372","52.0","87.0"
"6.306241504866409","1057.5","34.11764705882353","51.0","87.0"
"5.932951693073925","1069.25","34.509803921568626","51.0","88.0"
"5.957054309327037","1039.75","34.11764705882353","50.0","88.0"
"6.739659552936702","1014.5","36.470588235294116","47.0","88.0"
"7.415879574970485","954.75","38.03921568627451","42.0","88.0"
"8.76254427390791","895.25","40.0","35.0","88.0"
"11.54059534741353","904.5","41.568627450980394","27.0","88.0"
"13.723330241187385","878.25","38.431372549019606","20.0","88.0"
"14.468080620678025","739.0","37.254901960784316","14.0","88.0"
"27.9230567669807","675.5","37.254901960784316","7.0","89.0"
"64.92979423174229","646.5","36.470588235294116","3.0","89.0"
"395.60317928824423","589.5","69.80392156862744","1.0","89.0"
"280.9917355371901","1148.75","54.90196078431372","2.0","89.0"
"112.6169217687075","1272.75","63.529411764705884","6.0","89.0"
"88.39285714285714","1450.0","62.745098039215684","10.0","89.0"
"93.38180372503196","1712.25","94.11764705882354","14.0","89.0"
"93.43847369308753","2045.75","94.50980392156863","19.0","89.0"
"78.21808062067802","2451.0","100.0","25.0","89.0"
"65.06138006641812","2069.5","100.0","29.0","89.0"
"56.931346918932874","2147.75","100.0","34.0","89.0"
"54.69811075800482","2228.25","100.0","38.0","89.0"
"50.67781244729296","2319.0","100.0","41.0","89.0"
"50.69678697925451","2480.25","100.0","45.0","89.0"
"40.17857142857144","2319.0","100.0","49.0","89.0"
"40.34465025679693","2140.25","100.0","51.0","89.0"
"36.418656649987824","2162.5","100.0","54.0","89.0"
"37.11657515721756","2189.0","100.0","56.0","89.0"
"31.117141926591096","2208.5","100.0","58.0","89.0"
"6.027093916429158","1894.0","32.15686274509804","59.0","89.0"
"4.651976352944876","1213.5","28.627450980392158","59.0","89.0"
"4.702194357366771","1122.0","29.019607843137255","58.0","89.0"
"4.374914928999003","1100.25","28.235294117647058","57.0","89.0"
"4.423626002939547","1077.5","27.84313725490196","56.0","89.0"
"4.682588662812985","1069.25","29.80392156862745","55.0","89.0"
"6.223822173497499","1060.25","29.41176470588235","54.0","89.0"
"9.579801630616382","1266.5","50.98039215686274","53.0","89.0"
"6.86976509768105","1215.75","36.470588235294116","53.0","89.0"
"10.288514245494769","1113.0","38.431372549019606","52.0","89.0"
"9.98139441727104","1261.25","48.23529411764706","52.0","89.0"
"10.080220104570756","1287.25","47.84313725490196","52.0","89.0"
"10.25070708512267","1287.25","49.01960784313726","52.0","90.0"
"7.164710289710291","1291.25","43.92156862745098","52.0","90.0"
"7.319790599011379","1156.25","38.03921568627451","52.0","90.0"
"7.204392604149099","1124.0","40.78431372549019","52.0","90.0"
"7.319790599011379","1149.75","38.03921568627451","52.0","90.0"
"6.766518789651907","1124.0","37.254901960784316","52.0","90.0"
"5.1073115196491825","1107.0","29.019607843137255","52.0","90.0"
"4.844435191431945","1025.25","29.41176470588235","52.0","90.0"
"4.839316527628217","1008.75","29.80392156862745","52.0","90.0"
"4.791999444405861","1012.0","29.80392156862745","51.0","90.0"
"8.555281616778943","1017.0","50.19607843137255","51.0","90.0"
"9.044526901669759","1213.5","44.31372549019608","51.0","90.0"
"8.642403242288653","1220.5","44.705882352941174","51.0","90.0"
"9.062250933431224","1217.0","45.88235294117647","51.0","90.0"
"10.560784231047792","1237.5","52.15686274509804","51.0","90.0"
"11.088242115027828","1321.25","50.98039215686274","50.0","90.0"
"12.352367599932537","1352.75","52.15686274509804","50.0","90.0"
"12.387186279470468","1373.5","54.509803921568626","51.0","90.0"
"7.259153661464587","1398.0","41.568627450980394","51.0","90.0"
"9.314469589488688","1132.25","38.431372549019606","51.0","90.0"
"10.177108033295962","1248.75","47.84313725490196","51.0","90.0"
"11.083979046163922","1283.25","49.80392156862745","51.0","90.0"
"11.06770187413809","1328.25","49.80392156862745","51.0","90.0"
"12.857678036249467","1335.5","56.470588235294116","52.0","90.0"
"14.343712294199308","1468.75","60.78431372549019","52.0","90.0"
"13.597519547348023","1500.5","61.1764705882353","53.0","90.0"
"12.320415425123219","1515.0","63.529411764705884","54.0","90.0"
"6.251677041966299","1250.0","35.294117647058826","55.0","90.0"
"8.085738051794722","1058.25","46.666666666666664","55.0","90.0"
"9.978399699474078","1304.75","50.98039215686274","55.0","90.0"
"6.406022230320702","1369.0","49.411764705882355","56.0","90.0"
"9.496819130544782","1207.75","49.80392156862745","56.0","90.0"
"10.058619632918102","1306.0","49.01960784313726","56.0","90.0"
"12.633043648081241","1395.0","54.509803921568626","57.0","90.0"
"15.49205105239588","1584.25","67.84313725490196","58.0","90.0"
"15.29638504792588","1640.25","69.01960784313725","59.0","90.0"
"15.174354865913305","1651.25","72.54901960784314","61.0","90.0"
"15.27156533767866","1677.75","70.19607843137256","62.0","90.0"
"5.8377568809031875","1682.25","33.72549019607843","64.0","90.0"
"4.413555194805195","1339.75","26.666666666666668","64.0","90.0"
"4.004499204123799","1195.0","25.88235294117647","64.0","90.0"
"4.125580279337235","1172.5","26.274509803921568","63.0","90.0"
"4.398826979472141","1163.75","27.45098039215686","62.0","90.0"
"4.538680395610351","1166.0","27.058823529411764","61.0","90.0"
"4.692533968342905","1125.0","28.627450980392158","59.0","90.0"
"4.600461521949125","1066.5","29.41176470588235","55.0","90.0"
"4.7390474784955305","987.25","31.372549019607842","50.0","90.0"
"5.516629548137813","903.0","32.94117647058823","44.0","90.0"
"6.3775510204081645","860.25","34.509803921568626","39.0","90.0"
"5.823451440334557","859.0","33.333333333333336","39.0","90.0"
"15.7900562356304","887.0","65.88235294117646","38.0","90.0"
"42.7619789216252","1436.75","100.0","38.0","90.0"
"54.23277007083825","2029.25","100.0","40.0","90.0"
"52.14761994204143","2166.5","100.0","44.0","90.0"
"48.687463105076745","2212.25","100.0","48.0","90.0"
"47.30329532480507","2272.75","100.0","52.0","90.0"
"43.66287619876136","2340.75","100.0","57.0","90.0"
"41.81424635970092","2390.0","100.0","60.0","90.0"
"42.375481661195955","2441.25","100.0","65.0","90.0"
"40.3970382619451","2490.0","100.0","69.0","90.0"
"37.123979240456514","2515.0","100.0","72.0","90.0"
"38.995725886959654","2561.5","100.0","74.0","90.0"
"36.03501143400368","2609.5","100.0","77.0","90.0"
"25.219524793388434","2637.25","100.0","80.0","90.0"
"5.347835566397492","2470.25","30.58823529411765","82.0","90.0"
"3.6644564850733685","1662.25","24.313725490196077","82.0","90.0"
"3.557627137172592","1495.25","23.92156862745098","81.0","90.0"
"3.56045770006809","1486.25","23.92156862745098","81.0","90.0"
"3.4884149940968125","1458.5","24.313725490196077","80.0","90.0"
"3.4999805184130355","1438.25","23.529411764705884","79.0","90.0"
"3.5157618355670315","1417.25","24.313725490196077","78.0","90.0"
"3.716838377510497","1406.0","24.705882352941178","77.0","90.0"
"3.741857105619966","1409.25","24.313725490196077","77.0","90.0"
"3.878578807556081","1390.25","23.92156862745098","76.0","90.0"
"3.902253049980322","1372.0","25.49019607843137","75.0","90.0"
"3.8181326249508065","1355.75","24.705882352941178","75.0","91.0"
"4.013355677316716","1349.75","25.098039215686274","74.0","91.0"
"3.952233276419364","1342.5","25.88235294117647","73.0","91.0"
"3.9772214843237568","1328.25","25.098039215686274","72.0","91.0"
"4.013826168344186","1298.0","25.49019607843137","71.0","91.0"
"4.0106287497289355","1286.0","25.88235294117647","70.0","91.0"
"4.038046228193038","1258.75","25.88235294117647","69.0","91.0"
"3.8614195215522997","1251.25","25.88235294117647","67.0","91.0"
"4.032567196675815","1214.75","26.274509803921568","66.0","91.0"
"4.106083775193963","1183.5","25.88235294117647","64.0","91.0"
"4.303152784136087","1169.25","27.058823529411764","63.0","91.0"
"4.440265131930025","1159.5","27.45098039215686","61.0","91.0"
"4.278449499634565","1134.25","27.45098039215686","60.0","91.0"
"4.3682771270377625","1115.0","27.84313725490196","58.0","91.0"
"4.68990880388693","1105.0","28.235294117647058","57.0","91.0"
"4.706738067127677","1092.5","28.627450980392158","56.0","91.0"
"4.6867093945016025","1081.25","28.627450980392158","55.0","91.0"
"4.737337428084182","1063.75","28.627450980392158","54.0","91.0"
"4.636727215445667","1050.25","29.019607843137255","53.0","91.0"
"4.711412087055312","1023.75","28.627450980392158","53.0","91.0"
"4.957096474953619","1020.25","29.80392156862745","52.0","91.0"
"4.960948142766324","1035.5","29.80392156862745","52.0","91.0"
"5.066159489860789","1041.5","29.41176470588235","52.0","91.0"
"5.0322039973014006","1040.75","29.019607843137255","52.0","91.0"
"5.140861573491444","1042.5","29.41176470588235","52.0","91.0"
"4.711412087055312","1033.75","29.41176470588235","53.0","91.0"
"4.673821033169233","1032.0","29.019607843137255","53.0","91.0"
"4.624163715072806","1060.25","28.627450980392158","54.0","91.0"
"4.722214768702371","1072.0","28.627450980392158","55.0","91.0"
"4.503863904690351","1063.75","28.235294117647058","55.0","91.0"
"4.845826071475423","1052.0","29.019607843137255","54.0","91.0"
"4.720379887492188","1019.5","30.980392156862745","51.0","91.0"
"5.19192922407914","930.75","31.372549019607842","46.0","91.0"
"6.087662337662339","872.75","34.11764705882353","40.0","91.0"
"7.47393482186263","882.75","32.94117647058823","34.0","91.0"
"8.277357209117413","845.75","36.07843137254902","28.0","91.0"
"10.016627923177895","788.0","36.86274509803921","23.0","91.0"
"10.987468559108875","806.75","32.94117647058823","23.0","91.0"
"11.463779726766742","935.5","30.58823529411765","21.0","91.0"
"13.47524655795333","949.75","30.980392156862745","19.0","91.0"
"12.211109976831098","944.0","30.980392156862745","19.0","91.0"
"10.150715761511215","769.5","30.58823529411765","16.0","91.0"
"13.218923933209652","647.5","30.980392156862745","13.0","91.0"
"12.541435836890384","641.5","31.372549019607842","13.0","91.0"
"13.209041364479676","630.5","31.372549019607842","12.0","91.0"
"15.740715895674578","617.25","32.15686274509804","11.0","91.0"
"20.877914698937428","621.5","32.549019607843135","8.0","91.0"
"71.48504324988555","614.25","78.82352941176471","7.0","91.0"
"149.28438908030748","1311.5","65.49019607843137","7.0","91.0"
"113.61396314724237","1608.75","82.3529411764706","10.0","91.0"
"121.97235741994554","1838.25","100.0","14.0","91.0"
"118.36681986844324","2260.25","100.0","20.0","91.0"
"119.02763429752069","2582.75","100.0","24.0","91.0"
"75.63459268004722","2394.75","100.0","33.0","91.0"
"63.57562891653802","2403.75","100.0","39.0","91.0"
"61.886421384939155","2545.75","100.0","46.0","91.0"
"60.36877560941733","2699.75","100.0","51.0","91.0"
"55.16413928456431","2873.75","100.0","55.0","91.0"
"40.2163596913762","2556.25","100.0","59.0","91.0"
"38.897790521167146","2354.0","100.0","61.0","91.0"
"38.73163787356738","2390.0","100.0","63.0","91.0"
"10.141279175370085","2417.75","55.68627450980392","65.0","90.0"
"4.9235261491755","1822.0","22.745098039215687","65.0","90.0"
"4.018911283521674","1237.5","27.058823529411764","64.0","90.0"
"4.32626979744177","1198.5","27.45098039215686","62.0","90.0"
"4.32901872983308","1177.0","28.235294117647058","61.0","90.0"
"4.48242050707382","1149.75","27.45098039215686","59.0","91.0"
"4.249868050668543","1137.25","27.84313725490196","58.0","91.0"
"4.453744307640412","1108.0","27.45098039215686","57.0","91.0"
"4.549911526158962","1096.5","28.235294117647058","57.0","91.0"
"4.600571043057128","1096.5","28.235294117647058","56.0","91.0"
"4.417414102594994","1086.0","27.84313725490196","56.0","91.0"
"4.453038409873986","1070.0","27.45098039215686","56.0","91.0"
"4.540088011162391","1072.0","27.84313725490196","55.0","91.0"
"4.860450942210091","1068.25","28.627450980392158","55.0","91.0"
"6.555509130774774","1077.5","28.235294117647058","55.0","91.0"
"7.807794014890492","1253.75","43.13725490196079","56.0","92.0"
"9.34726292376455","1286.0","47.84313725490196","56.0","92.0"
"9.866617917284357","1338.25","50.19607843137255","57.0","92.0"
"10.432539359431434","1415.5","53.72549019607843","58.0","92.0"
"12.529734036675372","1448.25","59.21568627450981","58.0","92.0"
"23.765020611130012","1600.5","96.07843137254902","59.0","92.0"
"26.64090171192444","1923.0","100.0","60.0","92.0"
"29.849634610652284","1990.25","100.0","61.0","92.0"
"30.620276445879416","2049.0","100.0","63.0","92.0"
"31.617570740947368","2122.25","100.0","65.0","92.0"
"32.08576584277588","2151.5","100.0","66.0","92.0"
"33.16756713015785","2170.0","100.0","68.0","92.0"
"33.56154714850368","2181.5","100.0","69.0","92.0"
"25.286384778565132","2196.75","100.0","71.0","92.0"
"17.793198977249304","1920.0","83.52941176470588","72.0","92.0"
"10.836456225052004","1894.0","63.529411764705884","72.0","92.0"
"10.311838233916157","1657.75","56.470588235294116","72.0","92.0"
"10.850401627593186","1640.25","56.07843137254902","72.0","92.0"
"11.422199733888045","1640.25","61.568627450980394","72.0","92.0"
"11.921415863177225","1675.5","67.45098039215686","72.0","92.0"
"13.067038595207608","1712.25","65.88235294117646","71.0","92.0"
"11.872259234272223","1513.25","78.43137254901961","72.0","92.0"
"12.248711898671315","1392.0","79.2156862745098","72.0","92.0"
"12.923215515545062","1393.5","80.0","72.0","92.0"
"13.25373253640299","1392.0","81.17647058823529","72.0","92.0"
"13.459216761773579","1399.75","82.3529411764706","72.0","92.0"
"12.682629870129869","1401.25","80.7843137254902","72.0","92.0"
"13.835083792470156","1422.0","80.3921568627451","72.0","92.0"
"13.172183043327525","1426.75","82.74509803921569","72.0","92.0"
"13.824761998463297","1433.5","87.45098039215686","72.0","92.0"
"15.022840704201595","1390.25","94.90196078431373","71.0","92.0"
"17.424128596846725","1385.75","100.0","71.0","92.0"
"17.75510649493181","1418.75","100.0","71.0","92.0"
"18.577373330894456","1491.5","100.0","71.0","92.0"
"17.71219851576994","1482.75","100.0","72.0","92.0"
"14.133427060397352","1431.75","91.37254901960785","73.0","92.0"
"7.610753146467432","1462.0","53.333333333333336","74.0","93.0"
"8.444756001574182","1443.25","49.80392156862745","75.0","93.0"
"9.107989018703304","1453.5","56.86274509803921","74.0","93.0"
"9.838337557493402","1479.25","61.1764705882353","74.0","93.0"
"4.037972457181673","1539.25","24.313725490196077","73.0","93.0"
"4.092478424264595","1324.0","25.88235294117647","71.0","93.0"
"3.7954792948440605","1280.75","25.49019607843137","69.0","93.0"
"4.2165626581210995","1261.25","26.274509803921568","67.0","93.0"
"4.02904725144985","1211.25","26.274509803921568","65.0","93.0"
"4.2351356126866335","1192.75","27.058823529411764","63.0","93.0"
"4.233843652621596","1149.75","27.058823529411764","61.0","93.0"
"4.514269550795525","1134.25","27.45098039215686","60.0","93.0"
"4.362506615641411","1121.0","28.627450980392158","58.0","93.0"
"4.488662717152978","1075.75","28.627450980392158","56.0","93.0"
"4.534002744598967","1046.75","29.019607843137255","55.0","93.0"
"4.774063843532111","1053.0","29.41176470588235","53.0","93.0"
"8.387006662169002","1039.75","39.6078431372549","52.0","93.0"
"9.00275906401856","1243.75","47.450980392156865","53.0","93.0"
"10.16130784799616","1284.5","50.98039215686274","52.0","93.0"
"11.447308778883455","1295.25","54.90196078431372","52.0","93.0"
"7.164710289710291","1412.25","33.333333333333336","52.0","93.0"
"7.296325833257653","1183.5","38.8235294117647","52.0","93.0"
"6.848193822983738","1123.0","36.470588235294116","51.0","93.0"
"5.3109053538770885","1095.5","29.80392156862745","51.0","93.0"
"5.284035101643964","1015.25","29.80392156862745","51.0","93.0"
"4.926631809748693","1015.25","29.80392156862745","50.0","93.0"
"4.96010077584753","1005.5","29.019607843137255","50.0","93.0"
"5.34029811958516","979.5","30.19607843137255","49.0","93.0"
"5.2646796617112015","988.75","30.58823529411765","49.0","93.0"
"9.802519923258561","974.25","48.627450980392155","48.0","93.0"
"10.167845547309835","1213.5","46.27450980392157","48.0","93.0"
"10.769364564007422","1241.25","47.84313725490196","48.0","93.0"
"10.829538426941026","1260.0","47.84313725490196","48.0","93.0"
"10.829538426941026","1253.75","47.84313725490196","48.0","93.0"
"11.52505165289256","1265.0","52.94117647058823","48.0","93.0"
"13.80841915795244","1310.25","56.07843137254902","48.0","93.0"
"14.11812788131782","1404.5","55.68627450980392","48.0","93.0"
"13.964997366799647","1430.25","58.8235294117647","49.0","93.0"
"15.105620591970979","1468.75","58.03921568627451","49.0","93.0"
"14.298450025987798","1474.0","58.8235294117647","49.0","93.0"
"12.687162674987352","1443.25","55.68627450980392","50.0","93.0"
"12.687162674987352","1430.25","56.07843137254902","50.0","93.0"
"8.752002867262608","1425.25","53.72549019607843","50.0","93.0"
"7.157246162927982","1207.75","38.431372549019606","50.0","93.0"
"8.293135435992578","1091.5","43.529411764705884","50.0","93.0"
"8.763135883464535","1161.75","44.705882352941174","49.0","93.0"
"9.498883041157097","1211.25","43.92156862745098","49.0","93.0"
"9.81393978045764","1215.75","47.05882352941177","48.0","92.0"
"10.784847255017711","1250.0","50.19607843137255","48.0","92.0"
"12.028733239163437","1286.0","49.411764705882355","48.0","92.0"
"11.749743417676552","1291.25","51.372549019607845","47.0","92.0"
"11.863680323544928","1328.25","50.588235294117645","47.0","92.0"
"12.739682430031973","1328.25","51.372549019607845","47.0","92.0"
"12.704413574819762","1341.0","51.372549019607845","47.0","92.0"
"13.004619378963122","1351.25","50.98039215686274","47.0","92.0"
"7.793613313093832","1342.5","50.588235294117645","48.0","92.0"
"7.175184123236072","1206.5","36.86274509803921","48.0","92.0"
"6.407912467673019","1049.5","35.294117647058826","48.0","92.0"
"5.377984096531176","996.75","32.15686274509804","48.0","92.0"
"5.055208421178389","978.0","30.980392156862745","48.0","92.0"
"5.122114346002161","955.5","30.19607843137255","47.0","92.0"
"5.455177938944174","958.5","30.980392156862745","48.0","92.0"
"5.567544848078145","976.5","31.372549019607842","47.0","92.0"
"9.629574970484061","1001.5","47.84313725490196","47.0","93.0"
"10.086149645808739","1230.25","47.84313725490196","48.0","93.0"
"11.00808350199584","1271.5","51.372549019607845","48.0","93.0"
"11.644356218727163","1283.25","49.80392156862745","48.0","93.0"
"11.323776669758814","1322.75","50.19607843137255","48.0","93.0"
"12.0386628677445","1342.5","49.80392156862745","49.0","93.0"
"11.65352504638219","1344.0","50.588235294117645","50.0","93.0"
"11.151859504132233","1354.25","51.76470588235294","50.0","93.0"
"11.653525046382189","1342.5","50.588235294117645","51.0","93.0"
"11.62190082644628","1347.0","49.80392156862745","51.0","93.0"
"11.131725417439702","1364.5","50.19607843137255","51.0","93.0"
"10.50998911961479","1369.0","50.588235294117645","51.0","93.0"
"7.080983219734174","1270.25","36.86274509803921","51.0","93.0"
"6.810368775609418","1112.0","39.6078431372549","51.0","93.0"
"10.976239669421487","1158.5","50.588235294117645","50.0","93.0"
"13.157889188733344","1326.75","54.90196078431372","50.0","93.0"
"13.747048406139314","1418.75","56.86274509803921","50.0","93.0"
"14.175872828470235","1470.5","60.0","50.0","93.0"
"14.339264631472423","1481.0","60.3921568627451","50.0","93.0"
"14.107986169674483","1486.25","60.0","50.0","93.0"
"14.560739585090236","1493.25","61.568627450980394","50.0","93.0"
"16.189120276209657","1506.0","69.41176470588235","51.0","92.0"
"17.337978579861698","1562.5","67.84313725490196","51.0","92.0"
"18.493580283353012","1572.25","72.15686274509804","52.0","92.0"
"18.86820565797839","1612.75","71.76470588235294","52.0","92.0"
"18.65351629502573","1615.0","70.58823529411765","53.0","92.0"
"12.427439984258168","1515.0","56.86274509803921","54.0","92.0"
"13.85736227457007","1472.25","58.431372549019606","54.0","92.0"
"13.759463840632673","1515.0","58.8235294117647","54.0","92.0"
"7.186994402903494","1468.75","37.64705882352941","54.0","92.0"
"10.113503619997129","1162.75","49.411764705882355","54.0","92.0"
"10.324860296527781","1335.5","49.01960784313726","53.0","92.0"
"10.304324443015942","1364.5","49.01960784313726","53.0","92.0"
"6.994720545320889","1269.0","38.431372549019606","53.0","92.0"
"8.86968145490873","1105.0","47.450980392156865","52.0","92.0"
"9.617793398351075","1255.0","44.31372549019608","51.0","92.0"
"6.647597055351066","1141.5","38.8235294117647","51.0","92.0"
"12.893458003035926","1141.5","56.86274509803921","50.0","92.0"
"16.69758812615956","1446.75","62.35294117647059","49.0","93.0"
"24.583658360038232","1548.75","90.19607843137256","48.0","93.0"
"32.402307513914664","1816.75","100.0","48.0","93.0"
"32.49399354951966","1874.0","98.43137254901961","49.0","93.0"
"33.98465171192444","1911.25","100.0","50.0","93.0"
"35.29293948984552","1938.0","100.0","51.0","93.0"
"23.62707128695857","1965.25","95.29411764705883","53.0","93.0"
"6.777099613950264","1617.0","34.509803921568626","54.0","93.0"
"9.172392137083694","1107.0","28.627450980392158","52.0","92.0"
"12.017720311265002","1296.5","52.15686274509804","51.0","92.0"
"13.519962180676469","1423.75","55.294117647058826","52.0","92.0"
"7.168653754968384","1497.0","30.58823529411765","53.0","93.0"
"6.367595247465379","1155.25","36.07843137254902","54.0","93.0"
"8.259972951531394","1107.0","42.745098039215684","54.0","93.0"
"7.05620287600807","1220.5","37.254901960784316","54.0","93.0"
"10.870079748724688","1133.25","54.509803921568626","53.0","93.0"
"11.52469115667474","1398.0","51.76470588235294","53.0","93.0"
"6.867428087717233","1407.5","33.333333333333336","53.0","93.0"
"6.5404953108640935","1142.5","35.294117647058826","53.0","93.0"
"4.936672499578344","1074.75","30.19607843137255","52.0","93.0"
"4.824553788457532","1027.0","29.41176470588235","51.0","93.0"
"4.78626367902533","1008.75","29.019607843137255","51.0","93.0"
"4.9475037949063925","987.25","29.80392156862745","50.0","93.0"
"5.108010694579738","995.0","31.372549019607842","49.0","93.0"
"5.004038676420982","977.25","30.980392156862745","48.0","93.0"
"4.8967076719908995","941.25","30.980392156862745","47.0","93.0"
"5.108858356493873","926.5","30.980392156862745","46.0","93.0"
"5.429063999754673","917.0","31.764705882352942","44.0","93.0"
"9.01625676566645","972.0","44.31372549019608","44.0","93.0"
"9.65844126426277","1134.25","43.13725490196079","43.0","93.0"
"8.588987543069175","1157.25","38.431372549019606","42.0","93.0"
"8.204100707579373","1041.5","41.1764705882353","42.0","93.0"
"8.00247028865971","1008.0","40.3921568627451","41.0","93.0"
"6.856670807811132","1130.0","27.45098039215686","41.0","93.0"
"6.693793219767246","1090.75","28.627450980392158","39.0","93.0"
"6.642302502692114","1081.25","29.019607843137255","39.0","93.0"
"7.183552520616773","1059.25","29.41176470588235","38.0","93.0"
"6.739733809539004","1046.75","29.019607843137255","37.0","93.0"
"7.1307491660576074","1029.5","29.80392156862745","36.0","93.0"
"7.474735762073424","1006.25","30.58823529411765","36.0","93.0"
"7.946573515769945","971.25","31.764705882352942","32.0","93.0"
"8.406771799628943","917.75","32.94117647058823","30.0","93.0"
"8.303629588056367","881.5","33.72549019607843","29.0","93.0"
"8.46136122689926","857.75","33.333333333333336","28.0","93.0"
"8.957560296846014","861.25","32.94117647058823","28.0","93.0"
"7.917035615899253","911.0","32.549019607843135","30.0","93.0"
"7.567082876539047","928.0","30.980392156862745","32.0","93.0"
"7.994256909892056","944.0","30.980392156862745","32.0","93.0"
"7.941055748229044","964.5","32.15686274509804","32.0","93.0"
"11.210538903061227","934.0","44.31372549019608","32.0","93.0"
"11.189618142644955","1059.25","40.78431372549019","31.0","93.0"
"10.339504703507638","1028.75","40.0","31.0","93.0"
"8.711330606622814","961.5","32.549019607843135","30.0","93.0"
"8.889699991566875","882.75","34.11764705882353","28.0","93.0"
"9.41816120387549","867.25","34.90196078431372","27.0","93.0"
"9.135041095268368","841.0","34.11764705882353","26.0","93.0"
"9.059021335807051","842.75","34.11764705882353","26.0","93.0"
"9.14759843331272","866.75","33.333333333333336","27.0","93.0"
"19.413757238432567","897.25","51.76470588235294","27.0","93.0"
"14.101361301036626","1212.25","40.78431372549019","26.0","93.0"
"13.333825265643451","1020.25","41.568627450980394","25.0","93.0"
"12.106146694214878","946.25","40.3921568627451","24.0","93.0"
"18.186218073287527","913.75","47.450980392156865","23.0","93.0"
"17.884704243267556","1267.75","41.96078431372549","24.0","93.0"
"14.217722212852083","1303.25","40.78431372549019","25.0","93.0"
"13.773612750885478","1278.0","34.509803921568626","25.0","93.0"
"12.923553719008266","1225.5","33.72549019607843","25.0","93.0"
"11.229760499241019","1192.75","29.019607843137255","25.0","93.0"
"15.523538961038964","1134.25","35.68627450980392","24.0","93.0"
"14.810127305054253","1218.25","36.07843137254902","24.0","93.0"
"15.758744096812281","1214.75","36.470588235294116","24.0","93.0"
"17.30910429209413","1197.25","36.86274509803921","23.0","93.0"
"17.52669267491402","1218.25","40.3921568627451","23.0","93.0"
"18.320735588522147","1248.75","40.3921568627451","23.0","93.0"
"17.75568181818182","1271.5","39.21568627450981","24.0","93.0"
"15.574928318434814","1284.5","36.86274509803921","25.0","93.0"
"13.773612750885478","1255.0","34.509803921568626","25.0","93.0"
"14.48125737898465","1223.0","35.294117647058826","25.0","93.0"
"14.126143742621018","1223.0","35.294117647058826","24.0","93.0"
"14.126745290282837","1119.0","35.294117647058826","23.0","93.0"
"12.048827795581042","1039.75","31.764705882352942","21.0","93.0"
"12.136487913999877","944.0","31.372549019607842","19.0","93.0"
"11.840781422761943","888.25","30.19607843137255","18.0","93.0"
"10.283801020408164","776.75","31.372549019607842","16.0","93.0"
"19.482276381627035","696.0","30.19607843137255","15.0","93.0"
"21.034435763679735","1021.25","35.68627450980392","14.0","93.0"
"19.604757487410552","907.75","36.86274509803921","14.0","93.0"
"16.353298255547795","850.75","36.07843137254902","14.0","93.0"
"16.39492812382423","729.25","37.64705882352941","13.0","93.0"
"17.349398437060778","694.25","37.64705882352941","12.0","93.0"
"34.36147186147186","674.0","37.64705882352941","9.0","93.0"
"35.362905492775624","840.5","28.627450980392158","6.0","93.0"
"95.58420475628266","802.75","29.41176470588235","2.0","93.0"
"198.68443245066624","587.5","39.21568627450981","1.0","94.0"
"194.1173680215888","627.5","37.64705882352941","1.0","94.0"
"45.01575940293473","610.25","36.07843137254902","4.0","94.0"
"44.661304604486425","607.75","36.07843137254902","4.0","94.0"
"43.952395007589814","612.0","36.470588235294116","4.0","94.0"
"34.8783521673132","605.75","36.470588235294116","5.0","94.0"
"57.185374149659864","606.0","36.470588235294116","3.0","94.0"
"87.90479001517963","609.0","36.07843137254902","2.0","94.0"
"174.8292292123461","610.75","36.470588235294116","1.0","94.0"
"178.6452184179457","610.25","36.470588235294116","1.0","94.0"
